name,demo_url,city,category,website_status,token,lead_id
1891 American Eatery and Bar,https://restaurant-ai-bot-two.vercel.app/demo/pZsrB8GI79A0,Houston,restaurant,,pZsrB8GI79A0,71
Almost Famous,https://restaurant-ai-bot-two.vercel.app/demo/DofacFrFhz54,Houston,cafe,,DofacFrFhz54,16
American and Cuban coffee,https://restaurant-ai-bot-two.vercel.app/demo/sJ-mP2KnDIBn,Miami,cafe,,sJ-mP2KnDIBn,24
Antidote Coffee,https://restaurant-ai-bot-two.vercel.app/demo/yk04K6KX68CV,Houston,cafe,,yk04K6KX68CV,17
Apothecary Cafe & Wine Bar,https://restaurant-ai-bot-two.vercel.app/demo/01Gs2yIATAWL,Austin,cafe,,01Gs2yIATAWL,41
ARCH Café,https://restaurant-ai-bot-two.vercel.app/demo/x7Y2bFAAgmfk,Miami,cafe,,x7Y2bFAAgmfk,21
B&B Joint,https://restaurant-ai-bot-two.vercel.app/demo/6haIdu9tl9Pz,Miami,restaurant,,6haIdu9tl9Pz,35
Bao'd Up,https://restaurant-ai-bot-two.vercel.app/demo/VvIhVSZHkCg9,,,,VvIhVSZHkCg9,3
Bianchini Mercato,https://restaurant-ai-bot-two.vercel.app/demo/O--RAyQIbY5y,Miami,cafe,,O--RAyQIbY5y,29
Black Hole Coffee House,https://restaurant-ai-bot-two.vercel.app/demo/5i9Qrv3PLlkD,Houston,cafe,,5i9Qrv3PLlkD,43
Blue Lacy,https://restaurant-ai-bot-two.vercel.app/demo/u2jjsqsA7leB,,,,u2jjsqsA7leB,5
Bonjour Cafe,https://restaurant-ai-bot-two.vercel.app/demo/7qdviCOL8_nD,Houston,cafe,,7qdviCOL8_nD,4
Cafe Galleria,https://restaurant-ai-bot-two.vercel.app/demo/A8bYXTkKE1Ot,Miami,cafe,,A8bYXTkKE1Ot,23
Chopsticks Express,https://restaurant-ai-bot-two.vercel.app/demo/zXADMT_yLjvi,Houston,restaurant,,zXADMT_yLjvi,45
Chuy's,https://restaurant-ai-bot-two.vercel.app/demo/hgzM_wbTIjKl,,,,hgzM_wbTIjKl,6
Cliff's Grill,https://restaurant-ai-bot-two.vercel.app/demo/Qk1NdQZI-j32,Houston,restaurant,,Qk1NdQZI-j32,9
Clos Bistro & Cafe,https://restaurant-ai-bot-two.vercel.app/demo/LwyD63hWc2Au,Miami,cafe,,LwyD63hWc2Au,27
CoCo Fresh Tea & Juice,https://restaurant-ai-bot-two.vercel.app/demo/X2j-uxuIRJs2,Houston,cafe,,X2j-uxuIRJs2,63
Colleen's Kitchen,https://restaurant-ai-bot-two.vercel.app/demo/nGLcnkGCjNKk,,,,nGLcnkGCjNKk,2
Conscious Cravings,https://restaurant-ai-bot-two.vercel.app/demo/-ikz1E_rxPgp,Austin,restaurant,,-ikz1E_rxPgp,38
Conscious Cravings,https://restaurant-ai-bot-two.vercel.app/demo/uQTrDmllpefG,,,,uQTrDmllpefG,11
Cream Parlor,https://restaurant-ai-bot-two.vercel.app/demo/QDfZzeoBRE9n,Miami,cafe,,QDfZzeoBRE9n,
Cure Cafe,https://restaurant-ai-bot-two.vercel.app/demo/WYER5Kr_hL-K,Miami,cafe,,WYER5Kr_hL-K,22
Dish Society,https://restaurant-ai-bot-two.vercel.app/demo/iDTCVws6hR6R,,,,iDTCVws6hR6R,8
Dish Society,https://restaurant-ai-bot-two.vercel.app/demo/rLb8FCOkUS6M,Houston,restaurant,,rLb8FCOkUS6M,66
Double Trouble,https://restaurant-ai-bot-two.vercel.app/demo/b9vB_nN-m5gt,Austin,cafe,,b9vB_nN-m5gt,40
E Star Chinese Buffet,https://restaurant-ai-bot-two.vercel.app/demo/3dmomuSTkstD,,,,3dmomuSTkstD,2
Eggman,https://restaurant-ai-bot-two.vercel.app/demo/1sYi46Z2z84D,,,,1sYi46Z2z84D,12
Elaine's Pork and Pie,https://restaurant-ai-bot-two.vercel.app/demo/3L8UGdBjVc5i,Austin,restaurant,,3L8UGdBjVc5i,53
Focaccia Bistro,https://restaurant-ai-bot-two.vercel.app/demo/DprFGmpmjPz8,Miami,restaurant,,DprFGmpmjPz8,14
Frenchies Dinner,https://restaurant-ai-bot-two.vercel.app/demo/bIO9ncQPL6S5,Miami,restaurant,,bIO9ncQPL6S5,196
Galloway's Sandwich Shop,https://restaurant-ai-bot-two.vercel.app/demo/byJ6FILpk4gW,Austin,restaurant,,byJ6FILpk4gW,50
Go Fish,https://restaurant-ai-bot-two.vercel.app/demo/1CEYJhz53TeH,Houston,restaurant,,1CEYJhz53TeH,10
GVA BOX,https://restaurant-ai-bot-two.vercel.app/demo/ZoCmFLuIFi9Z,Miami,cafe,,ZoCmFLuIFi9Z,25
GW Gyro & Wings,https://restaurant-ai-bot-two.vercel.app/demo/lrwlM-PqbgwT,Houston,restaurant,,lrwlM-PqbgwT,44
Half Moon Empanadas,https://restaurant-ai-bot-two.vercel.app/demo/U5UbrUYNbnuP,Miami,restaurant,,U5UbrUYNbnuP,12
Harold's,https://restaurant-ai-bot-two.vercel.app/demo/6uHzUctF7gAz,Houston,restaurant,,6uHzUctF7gAz,65
Jenni's Noodle House,https://restaurant-ai-bot-two.vercel.app/demo/-zIJ-V-XOPvJ,Houston,restaurant,,-zIJ-V-XOPvJ,68
Juan Valdez Café,https://restaurant-ai-bot-two.vercel.app/demo/GY4GRz7utQ3i,Miami,cafe,,GY4GRz7utQ3i,26
Katz's,https://restaurant-ai-bot-two.vercel.app/demo/Urn-76MPxlyS,Houston,restaurant,,Urn-76MPxlyS,55
Kerbey Lane Café,https://restaurant-ai-bot-two.vercel.app/demo/awQfMiVIg5at,,,,awQfMiVIg5at,10
Koko Cafe,https://restaurant-ai-bot-two.vercel.app/demo/_NZTxd94xBOK,Houston,cafe,,_NZTxd94xBOK,42
Korea House,https://restaurant-ai-bot-two.vercel.app/demo/F1vDQauRYi-3,Houston,restaurant,,F1vDQauRYi-3,7
L'Oca d'Oro,https://restaurant-ai-bot-two.vercel.app/demo/2mzDCfq8THG7,,,,2mzDCfq8THG7,1
La Gazzetta,https://restaurant-ai-bot-two.vercel.app/demo/o_iG-fMMQeoY,Miami,restaurant,,o_iG-fMMQeoY,36
La Moon,https://restaurant-ai-bot-two.vercel.app/demo/RTf2CbcCm4eA,Miami,restaurant,,RTf2CbcCm4eA,37
La Pupusa Loca,https://restaurant-ai-bot-two.vercel.app/demo/ebJU-rKQa3Hd,Houston,restaurant,,ebJU-rKQa3Hd,5
Marufuku Ramen,https://restaurant-ai-bot-two.vercel.app/demo/RPkEJDhkQM2h,,,,RPkEJDhkQM2h,7
Melange Creperie,https://restaurant-ai-bot-two.vercel.app/demo/M0KmfMqIbrEl,Houston,cafe,,M0KmfMqIbrEl,76
Miami Under Ground,https://restaurant-ai-bot-two.vercel.app/demo/aEGN6bcLJZMl,Miami,cafe,,aEGN6bcLJZMl,30
Mister Block Cafe,https://restaurant-ai-bot-two.vercel.app/demo/Gor72nWJNPKk,Miami,cafe,,Gor72nWJNPKk,28
Nando's,https://restaurant-ai-bot-two.vercel.app/demo/JkZc_BgGsS8S,,,,JkZc_BgGsS8S,4
Orno Miami,https://restaurant-ai-bot-two.vercel.app/demo/5B1qhYeXKYRq,Miami,restaurant,,5B1qhYeXKYRq,13
Pavón Coffee Den,https://restaurant-ai-bot-two.vercel.app/demo/3DLzbKSCJjo4,Houston,cafe,,3DLzbKSCJjo4,61
Petit Rouge,https://restaurant-ai-bot-two.vercel.app/demo/wl8ksbgZcabh,Miami,restaurant,,wl8ksbgZcabh,20
Pho I-10,https://restaurant-ai-bot-two.vercel.app/demo/QriQmIUtMOiC,Houston,restaurant,,QriQmIUtMOiC,8
Revolucion Coffee + Juice,https://restaurant-ai-bot-two.vercel.app/demo/1g3-F7WHHY8k,Houston,cafe,,1g3-F7WHHY8k,74
Roland's Soul Food,https://restaurant-ai-bot-two.vercel.app/demo/NfWOw2F4zl2P,Austin,restaurant,,NfWOw2F4zl2P,48
Rustica Hondureña,https://restaurant-ai-bot-two.vercel.app/demo/QzTEkSRkFTpI,Miami,restaurant,,QzTEkSRkFTpI,19
Rustika Cafe & Bakery,https://restaurant-ai-bot-two.vercel.app/demo/sL7EkRvIUOdl,Houston,cafe,,sL7EkRvIUOdl,3
Sam's BBQ,https://restaurant-ai-bot-two.vercel.app/demo/f_5hF9MciXcR,Austin,restaurant,,f_5hF9MciXcR,49
Sharetea,https://restaurant-ai-bot-two.vercel.app/demo/MTg_A-cZltwo,Houston,cafe,,MTg_A-cZltwo,34
Simply Coffie,https://restaurant-ai-bot-two.vercel.app/demo/4EDfTorGlcKr,Houston,cafe,,4EDfTorGlcKr,18
Simply Phở,https://restaurant-ai-bot-two.vercel.app/demo/NlRkan5Pusto,Houston,restaurant,,NlRkan5Pusto,77
Tai Kee,https://restaurant-ai-bot-two.vercel.app/demo/rvR3yxAhb2wW,Houston,restaurant,,rvR3yxAhb2wW,6
Teapresso Bar,https://restaurant-ai-bot-two.vercel.app/demo/TAtKLRfrMwXz,Houston,cafe,,TAtKLRfrMwXz,15
Teriyaki Kitchen,https://restaurant-ai-bot-two.vercel.app/demo/U8j7s0qOvMQU,Houston,restaurant,,U8j7s0qOvMQU,46
Texas Medical Center Commons,https://restaurant-ai-bot-two.vercel.app/demo/zLUSQZWrXGW2,Houston,restaurant,,zLUSQZWrXGW2,11
Texas Mesquite Grill,https://restaurant-ai-bot-two.vercel.app/demo/_4ur89DO-Ptd,,,,_4ur89DO-Ptd,1
Thai Thani,https://restaurant-ai-bot-two.vercel.app/demo/rMWq8aJ_9VnR,Austin,restaurant,,rMWq8aJ_9VnR,52
The Original New Orleans Po-Boy and Gumbo Shop,https://restaurant-ai-bot-two.vercel.app/demo/ZNsitniK_uT3,Austin,restaurant,,ZNsitniK_uT3,51
The Stone House,https://restaurant-ai-bot-two.vercel.app/demo/k7MG6MShdJPl,,,,k7MG6MShdJPl,15
The Stone House,https://restaurant-ai-bot-two.vercel.app/demo/lXn9dLkZq87B,Austin,restaurant,,lXn9dLkZq87B,39
Thien An Sandwiches,https://restaurant-ai-bot-two.vercel.app/demo/EBMKiuowROVS,Houston,restaurant,,EBMKiuowROVS,33
Think Tacos,https://restaurant-ai-bot-two.vercel.app/demo/ZoUXNca36__H,Houston,restaurant,,ZoUXNca36__H,32
Tout Suite,https://restaurant-ai-bot-two.vercel.app/demo/aKkUSX43uFkN,Houston,cafe,,aKkUSX43uFkN,89
Uncle Bean's Coffee,https://restaurant-ai-bot-two.vercel.app/demo/IgWKVOofG3MJ,Houston,cafe,,IgWKVOofG3MJ,47
Veracruz All Natural,https://restaurant-ai-bot-two.vercel.app/demo/T3-070410vPK,,,,T3-070410vPK,13
Veracruz Fonda and Bar,https://restaurant-ai-bot-two.vercel.app/demo/S__Q_1RqQj0f,,,,S__Q_1RqQj0f,9
Via313 Pizzeria,https://restaurant-ai-bot-two.vercel.app/demo/XXswWW1VRlIB,Houston,restaurant,,XXswWW1VRlIB,72
Vietnam Restaurant,https://restaurant-ai-bot-two.vercel.app/demo/sui5P3BEhGQA,Houston,restaurant,,sui5P3BEhGQA,69
Wild,https://restaurant-ai-bot-two.vercel.app/demo/8MwFoJpVXhCo,Houston,cafe,,8MwFoJpVXhCo,75
Wynwood Cafe,https://restaurant-ai-bot-two.vercel.app/demo/ZJaV1FTYOBdo,Miami,cafe,,ZJaV1FTYOBdo,31
Xian Sushi and Noodle - Mueller,https://restaurant-ai-bot-two.vercel.app/demo/d-SDqIrxr49O,,,,d-SDqIrxr49O,14
Yale Street Grill,https://restaurant-ai-bot-two.vercel.app/demo/wa2LGwK--aBb,Houston,restaurant,,wa2LGwK--aBb,2
Zapvor by Thai Spice,https://restaurant-ai-bot-two.vercel.app/demo/1oUxyV9qBoYB,Houston,restaurant,,1oUxyV9qBoYB,67
